month,positive_lines,positive_invoices,positive_value_gbp,cancellation_lines,signed_cancellation_value_gbp,cancellation_magnitude_gbp,signed_value_gbp,full_month_in_reporting_window
2010-12,41314,1550,777919.05,698,-17607.86,17607.86,760311.1900000001,True
2011-01,34147,1081,671917.4,679,-91526.3,91526.3,580391.1,True
2011-02,26964,1093,508886.2,418,-8375.87,8375.87,500510.33,True
2011-03,35607,1440,691257.61,642,-10675.3,10675.3,680582.3099999999,True
2011-04,28957,1235,516218.121,531,-33316.909999999996,33316.909999999996,482901.211,True
2011-05,35979,1668,741192.41,558,-8948.23,8948.23,732244.18,True
2011-06,35773,1525,738751.87,669,-13760.84,13760.84,724991.03,True
2011-07,38444,1452,689364.411,642,-11409.21,11409.21,677955.201,True
2011-08,34326,1339,725513.5,617,-22929.52,22929.52,702583.98,True
2011-09,49057,1818,1030475.361,760,-17044.68,17044.68,1013430.681,True
2011-10,59068,2005,1106669.82,1126,-43992.159999999996,43992.159999999996,1062677.6600000001,True
2011-11,83092,2751,1457745.53,1016,-25010.54,25010.54,1432734.99,True
2011-12,25031,816,615493.27,348,-174126.76,174126.76,441366.51,False
