Country,positive_lines,positive_invoices,identified_customers,positive_value_gbp,cancellation_magnitude_gbp,signed_value_gbp,share_of_signed_value_percent
United Kingdom,484005,17901,3916,8747533.153,445843.38,8301689.773000001,84.77443822111358
Netherlands,2322,93,9,283889.34,409.80000000000007,283479.54000000004,2.8948105033796354
EIRE,7779,282,3,271164.3,11500.84,259663.46,2.6516076304903615
Germany,8658,443,94,205569.89,4761.49,200808.40000000002,2.0505968984105842
France,8100,382,87,184582.74,2419.3500000000004,182163.38999999998,1.860199486365897
Australia,1181,56,9,138171.31,1181.31,136990.0,1.39890198374802
Switzerland,1935,50,21,53087.9,582.5500000000001,52505.35,0.5361693428161479
Spain,2422,88,30,55725.11,3959.91,51765.2,0.5286111465735674
Belgium,1935,98,25,36927.34,264.38,36662.96,0.37439146999105266
Japan,321,19,8,37416.369999999995,1996.58,35419.78999999999,0.36169658000538923
Sweden,428,34,8,36839.33,1662.42,35176.91,0.3592163601804918
Norway,1048,32,10,32454.64,161.67999999999998,32292.96,0.3297663026870243
Portugal,1464,50,19,27015.16,143.64000000000001,26871.52,0.27440413631888894
Channel Islands,744,25,9,20007.44,71.15,19936.289999999997,0.20358358733904527
Finland,647,40,12,18344.88,41.34,18303.54,0.186910419852626
Denmark,367,18,9,18211.34,169.20000000000002,18042.14,0.18424107918139646
Italy,741,35,14,15820.24,543.9,15276.34,0.15599753507854025
Cyprus,612,14,8,13254.69,323.3999999999999,12931.29,0.13205056743865198
Hong Kong,279,7,0,9952.99,10.95,9942.039999999999,0.10152521701220646
Singapore,215,4,1,9120.39,0.0,9120.39,0.09313476650526027
Austria,384,17,11,8742.68,44.36,8698.32,0.08882471058672223
Israel,295,8,3,8135.26,227.44,7907.820000000001,0.08075235480781276
Poland,325,19,6,6974.65,121.51,6853.139999999999,0.06998226980730642
Unspecified,446,13,4,4749.79,0.0,4749.79,0.048503472175972756
Greece,142,5,4,4425.52,0.0,4425.52,0.04519212137467361
Iceland,182,7,1,4310.0,0.0,4310.0,0.04401246477811494
Canada,150,5,4,3115.44,0.0,3115.44,0.0318139659555291
Malta,109,5,2,2070.59,90.12,1980.4700000000003,0.020223982858262952
United Arab Emirates,67,2,2,1864.78,0.0,1864.78,0.019042590271214195
USA,179,5,4,3580.39,1849.4699999999998,1730.92,0.017675650935901326
Lebanon,45,1,1,1693.88,0.0,1693.88,0.017297409243237433
Lithuania,35,4,1,1661.06,0.0,1661.06,0.016962260961562788
European Community,57,3,1,1159.25,8.5,1150.75,0.011751123861581385
Brazil,32,1,1,1143.6,0.0,1143.6,0.011678110143910033
RSA,57,1,1,1002.3100000000001,0.0,1002.3100000000001,0.010235297812471553
Czech Republic,24,2,1,786.74,115.02,671.72,0.006859409011776188
Bahrain,18,3,2,754.14,205.74,548.4,0.005600101086848779
Saudi Arabia,9,1,1,145.92,14.75,131.17,0.0013394698387344168
