month,positive_value_gbp,cancellation_magnitude_gbp,large_positive_value_gbp,large_cancellation_magnitude_gbp,positive_value_without_large_gbp,cancellations_without_large_gbp,baseline_value_ratio_percent,without_large_value_ratio_percent
2010-12,777919.05,17607.86,0.0,0.0,777919.05,17607.86,2.2634565897312835,2.2634565897312835
2011-01,671917.4,91526.3,77183.6,77183.6,594733.8,14342.699999999997,13.621659448021438,2.4116167603051983
2011-02,508886.2,8375.87,0.0,0.0,508886.2,8375.87,1.6459220155704755,1.6459220155704755
2011-03,691257.61,10675.3,0.0,0.0,691257.61,10675.3,1.5443301955113378,1.5443301955113378
2011-04,516218.121,33316.909999999996,0.0,0.0,516218.121,33316.909999999996,6.454037284754674,6.454037284754674
2011-05,741192.41,8948.23,0.0,0.0,741192.41,8948.23,1.2072749098982274,1.2072749098982274
2011-06,738751.87,13760.84,0.0,0.0,738751.87,13760.84,1.8627147434496512,1.8627147434496512
2011-07,689364.411,11409.21,0.0,0.0,689364.411,11409.21,1.6550332187078918,1.6550332187078918
2011-08,725513.5,22929.52,0.0,0.0,725513.5,22929.52,3.1604539405538286,3.1604539405538286
2011-09,1030475.361,17044.68,0.0,0.0,1030475.361,17044.68,1.6540599266206035,1.6540599266206035
2011-10,1106669.82,43992.159999999996,0.0,0.0,1106669.82,43992.159999999996,3.975183853843597,3.975183853843597
2011-11,1457745.53,25010.54,0.0,0.0,1457745.53,25010.54,1.7156999960068475,1.7156999960068475
2011-12,615493.27,174126.76,168469.6,168469.6,447023.67000000004,5657.1600000000035,28.290603404973055,1.2655168796766405
